mode,device,circuit,relphase_safe,p1q,p2q,ratio,ccx_total,exact_decomp,relphase_decomp,relphase_pairs,relphase_standalone,two_qubit_before,two_qubit_after,infidelity_before,infidelity_after,infidelity_reduction_rel,verified
ratio_sweep,,ripple_carry_adder_2b,True,0.001,0.001,1,4,0,4,4,0,33,21,0.06670554061870604,0.03634170438858253,0.4551921167041508,True
ratio_sweep,,ripple_carry_adder_2b,True,0.001,0.003,3,4,0,4,4,0,33,21,0.12642982042751216,0.0760549647441251,0.39844124996024344,True
ratio_sweep,,ripple_carry_adder_2b,True,0.001,0.01,10,4,0,4,4,0,33,21,0.30766067892699833,0.20313106230352718,0.3397561787487114,True
ratio_sweep,,ripple_carry_adder_2b,True,0.001,0.03,30,4,0,4,4,0,33,21,0.6469592744962456,0.4808961723331343,0.25668246628416636,True
ratio_sweep,,ripple_carry_adder_2b,True,0.001,0.1,100,4,0,4,4,0,33,21,0.9701901090276434,0.8923186454918643,0.08026412845398348,True
ratio_sweep,,ripple_carry_adder_2b,True,0.001,0.3,300,4,0,4,4,0,33,21,0.999992542506275,0.9994503241560099,0.0005422223938852334,True
ratio_sweep,,controlled_adder_2b,False,0.001,0.001,1,8,2,6,6,0,48,30,0.11313281241393558,0.06950262504676619,0.3856545809851632,True
ratio_sweep,,controlled_adder_2b,False,0.001,0.003,3,8,2,6,6,0,48,30,0.1944680859630432,0.12379595283786338,0.36341249915222795,True
ratio_sweep,,controlled_adder_2b,False,0.001,0.01,10,8,2,6,6,0,48,30,0.42561314426868957,0.2907385698635433,0.31689475811865425,True
ratio_sweep,,controlled_adder_2b,False,0.001,0.03,30,8,2,6,6,0,48,30,0.7843455634722563,0.6154945202650963,0.21527634128465686,True
ratio_sweep,,controlled_adder_2b,False,0.001,0.1,100,8,2,6,6,0,48,30,0.9940795378993699,0.9593532535265621,0.03493310449402199,True
ratio_sweep,,controlled_adder_2b,False,0.001,0.3,300,8,2,6,6,0,48,30,0.9999999658476122,0.9999783881618773,2.1577686471782153e-05,True
ratio_sweep,,grover_oracle_mcx3,True,0.001,0.001,1,4,0,4,4,0,25,13,0.05920547403905485,0.028597630367281468,0.5169765831379534,True
ratio_sweep,,grover_oracle_mcx3,True,0.001,0.003,3,4,0,4,4,0,25,13,0.10517824549245491,0.05357790724861489,0.490598963713857,True
ratio_sweep,,grover_oracle_mcx3,True,0.001,0.01,10,4,0,4,4,0,25,13,0.24969569020146476,0.13641450066476646,0.45367699156240293,True
ratio_sweep,,grover_oracle_mcx3,True,0.001,0.03,30,4,0,4,4,0,25,13,0.549545496937866,0.3376609556994503,0.3855632380195307,True
ratio_sweep,,grover_oracle_mcx3,True,0.001,0.1,100,4,0,4,4,0,25,13,0.9307499147905909,0.7498500419854615,0.19435926872561685,True
ratio_sweep,,grover_oracle_mcx3,True,0.001,0.3,300,4,0,4,4,0,25,13,0.9998706374474151,0.9904649641160194,0.00940689023072788,True
ratio_sweep,,grover_oracle_mcx4,True,0.001,0.001,1,6,0,6,6,0,37,19,0.08702385817590352,0.0421092185465336,0.5161186894125382,True
ratio_sweep,,grover_oracle_mcx4,True,0.001,0.003,3,6,0,6,6,0,37,19,0.15227064567252402,0.0778963834748807,0.4884346675563059,True
ratio_sweep,,grover_oracle_mcx4,True,0.001,0.01,10,6,0,6,6,0,37,19,0.3468114483448421,0.19343306401772042,0.44225294481805644,True
ratio_sweep,,grover_oracle_mcx4,True,0.001,0.03,30,6,0,6,6,0,37,19,0.6930338183478972,0.45268838036008163,0.3468018899290773,True
ratio_sweep,,grover_oracle_mcx4,True,0.001,0.1,100,6,0,6,6,0,37,19,0.9807908028680805,0.8681198608304043,0.11487764945205226,True
ratio_sweep,,grover_oracle_mcx4,True,0.001,0.3,300,6,0,6,6,0,37,19,0.9999982414130554,0.9988871555154727,0.0011110878515272766,True
ratio_sweep,,nested_compute_uncompute,True,0.001,0.001,1,4,0,4,4,0,25,13,0.05920547403905485,0.028597630367281468,0.5169765831379534,True
ratio_sweep,,nested_compute_uncompute,True,0.001,0.003,3,4,0,4,4,0,25,13,0.10517824549245491,0.05357790724861489,0.490598963713857,True
ratio_sweep,,nested_compute_uncompute,True,0.001,0.01,10,4,0,4,4,0,25,13,0.24969569020146476,0.13641450066476646,0.45367699156240293,True
ratio_sweep,,nested_compute_uncompute,True,0.001,0.03,30,4,0,4,4,0,25,13,0.549545496937866,0.3376609556994503,0.3855632380195307,True
ratio_sweep,,nested_compute_uncompute,True,0.001,0.1,100,4,0,4,4,0,25,13,0.9307499147905909,0.7498500419854615,0.19435926872561685,True
ratio_sweep,,nested_compute_uncompute,True,0.001,0.3,300,4,0,4,4,0,25,13,0.9998706374474151,0.9904649641160194,0.00940689023072788,True
ratio_sweep,,live_and_chain,False,0.001,0.001,1,2,2,0,0,0,12,12,0.029569032736914136,0.029569032736914136,0.0,True
ratio_sweep,,live_and_chain,False,0.001,0.003,3,2,2,0,0,0,12,12,0.05262768807625362,0.05262768807625362,0.0,True
ratio_sweep,,live_and_chain,False,0.001,0.01,10,2,2,0,0,0,12,12,0.12943515967468455,0.12943515967468455,0.0,True
ratio_sweep,,live_and_chain,False,0.001,0.03,30,2,2,0,0,0,12,12,0.31854120767938865,0.31854120767938865,0.0,True
ratio_sweep,,live_and_chain,False,0.001,0.1,100,2,2,0,0,0,12,12,0.7226112130572583,0.7226112130572583,0.0,True
ratio_sweep,,live_and_chain,False,0.001,0.3,300,2,2,0,0,0,12,12,0.9864057495039306,0.9864057495039306,0.0,True
ratio_sweep,,single_live_toffoli,False,0.001,0.001,1,1,1,0,0,0,6,6,0.014895453637997935,0.014895453637997935,0.0,True
ratio_sweep,,single_live_toffoli,False,0.001,0.003,3,1,1,0,0,0,6,6,0.026669474472445165,0.026669474472445165,0.0,True
ratio_sweep,,single_live_toffoli,False,0.001,0.01,10,1,1,0,0,0,6,6,0.06695935762405525,0.06695935762405525,0.0,True
ratio_sweep,,single_live_toffoli,False,0.001,0.03,30,1,1,0,0,0,6,6,0.1744948259879825,0.1744948259879825,0.0,True
ratio_sweep,,single_live_toffoli,False,0.001,0.1,100,1,1,0,0,0,6,6,0.4733228816981493,0.4733228816981493,0.0,True
ratio_sweep,,single_live_toffoli,False,0.001,0.3,300,1,1,0,0,0,6,6,0.8834056155037071,0.8834056155037071,0.0,True
ratio_sweep,,half_uncomputed,False,0.001,0.001,1,3,0,3,2,1,19,10,0.04498001817644037,0.021770532711259505,0.5159954665678087,True
ratio_sweep,,half_uncomputed,False,0.001,0.003,3,3,0,3,2,1,19,10,0.08065992893571017,0.0411792108660014,0.4894712726709292,True
ratio_sweep,,half_uncomputed,False,0.001,0.01,10,3,0,3,2,1,19,10,0.19585034593142625,0.10641101919145368,0.4566717833181069,True
ratio_sweep,,half_uncomputed,False,0.001,0.03,30,3,0,3,2,1,19,10,0.45432867383145403,0.27137645450430226,0.4026869309926563,True
ratio_sweep,,half_uncomputed,False,0.001,0.1,100,3,0,3,2,1,19,10,0.8685151057393757,0.6554827649410901,0.24528340312161756,True
ratio_sweep,,half_uncomputed,False,0.001,0.3,300,3,0,3,2,1,19,10,0.9988904907115057,0.9720895872626519,0.026830672329019367,True
device,IBM Heron r2 (ibm_marrakesh),ripple_carry_adder_2b,True,0.00025,0.0018,7.199999999999999,4,0,4,4,0,33,21,0.06616419086704206,0.04097157181107636,0.3807591194848986,True
device,IBM Heron r2 (ibm_marrakesh),controlled_adder_2b,False,0.00025,0.0018,7.199999999999999,8,2,6,6,0,48,30,0.09920728043121207,0.06251073429485698,0.36989771291835366,True
device,IBM Heron r2 (ibm_marrakesh),grover_oracle_mcx3,True,0.00025,0.0018,7.199999999999999,4,0,4,4,0,25,13,0.052607375822066316,0.027049026866153736,0.4858320445855058,True
device,IBM Heron r2 (ibm_marrakesh),grover_oracle_mcx4,True,0.00025,0.0018,7.199999999999999,6,0,6,6,0,37,19,0.077032909280362,0.03943302232396617,0.4881016088792737,True
device,IBM Heron r2 (ibm_marrakesh),nested_compute_uncompute,True,0.00025,0.0018,7.199999999999999,4,0,4,4,0,25,13,0.052607375822066316,0.027049026866153736,0.4858320445855058,True
device,IBM Heron r2 (ibm_marrakesh),live_and_chain,False,0.00025,0.0018,7.199999999999999,2,2,0,0,0,12,12,0.025781848871253232,0.025781848871253232,0.0,True
device,IBM Heron r2 (ibm_marrakesh),single_live_toffoli,False,0.00025,0.0018,7.199999999999999,1,1,0,0,0,6,6,0.012975101059377048,0.012975101059377048,0.0,True
device,IBM Heron r2 (ibm_marrakesh),half_uncomputed,False,0.00025,0.0018,7.199999999999999,3,0,3,2,1,19,10,0.040153267465923626,0.020797284973015584,0.4820524882398336,True
device,Google Willow (105q),ripple_carry_adder_2b,True,0.00035,0.0033,9.428571428571429,4,0,4,4,0,33,21,0.11457036350013816,0.072270965401387,0.3692001736443836,True
device,Google Willow (105q),controlled_adder_2b,False,0.00035,0.0033,9.428571428571429,8,2,6,6,0,48,30,0.16795299839939382,0.10762272640647697,0.35920925835126144,True
device,Google Willow (105q),grover_oracle_mcx3,True,0.00035,0.0033,9.428571428571429,4,0,4,4,0,25,13,0.09084404397161361,0.047411174624799934,0.47810365377817515,True
device,Google Willow (105q),grover_oracle_mcx4,True,0.00035,0.0033,9.428571428571429,6,0,6,6,0,37,19,0.1316888993033728,0.06872918094765135,0.47809434727433353,True
device,Google Willow (105q),nested_compute_uncompute,True,0.00035,0.0033,9.428571428571429,4,0,4,4,0,25,13,0.09084404397161361,0.047411174624799934,0.47810365377817515,True
device,Google Willow (105q),live_and_chain,False,0.00035,0.0033,9.428571428571429,2,2,0,0,0,12,12,0.04492612632731163,0.04492612632731163,0.0,True
device,Google Willow (105q),single_live_toffoli,False,0.00035,0.0033,9.428571428571429,1,1,0,0,0,6,6,0.022721189387241325,0.022721189387241325,0.0,True
device,Google Willow (105q),half_uncomputed,False,0.00035,0.0033,9.428571428571429,3,0,3,2,1,19,10,0.06970667310555823,0.03656986483218416,0.4753749791385729,True
device,Quantinuum H2,ripple_carry_adder_2b,True,3e-05,0.0014,46.666666666666664,4,0,4,4,0,33,21,0.046210599804768715,0.029458005610090487,0.36252708827530605,True
device,Quantinuum H2,controlled_adder_2b,False,3e-05,0.0014,46.666666666666664,8,2,6,6,0,48,30,0.06705321513786644,0.04236583378420422,0.36817595253118157,True
device,Quantinuum H2,grover_oracle_mcx3,True,3e-05,0.0014,46.666666666666664,4,0,4,4,0,25,13,0.035460543865509786,0.018519133015201916,0.47775383577198044,True
device,Quantinuum H2,grover_oracle_mcx4,True,3e-05,0.0014,46.666666666666664,6,0,6,6,0,37,19,0.05205265183393204,0.026968329697780513,0.481902866662397,True
device,Quantinuum H2,nested_compute_uncompute,True,3e-05,0.0014,46.666666666666664,4,0,4,4,0,25,13,0.035460543865509786,0.018519133015201916,0.47775383577198044,True
device,Quantinuum H2,live_and_chain,False,3e-05,0.0014,46.666666666666664,2,2,0,0,0,12,12,0.017202103929389145,0.017202103929389145,0.0,True
device,Quantinuum H2,single_live_toffoli,False,3e-05,0.0014,46.666666666666664,1,1,0,0,0,6,6,0.008638362619063922,0.008638362619063922,0.0,True
device,Quantinuum H2,half_uncomputed,False,3e-05,0.0014,46.666666666666664,3,0,3,2,1,19,10,0.0270558999209487,0.01426706154060342,0.4726820552157352,True
device,IonQ Forte,ripple_carry_adder_2b,True,0.0002,0.0046,23.0,4,0,4,4,0,33,21,0.14730293436198305,0.09518355924900301,0.3538244186290383,True
device,IonQ Forte,controlled_adder_2b,False,0.0002,0.0046,23.0,8,2,6,6,0,48,30,0.2099909224052533,0.13646359014098286,0.350145289244327,True
device,IonQ Forte,grover_oracle_mcx3,True,0.0002,0.0046,23.0,4,0,4,4,0,25,13,0.11526404465911011,0.06118635752898094,0.4691635391596944,True
device,IonQ Forte,grover_oracle_mcx4,True,0.0002,0.0046,23.0,6,0,6,6,0,37,19,0.16589313119469362,0.08826155122186452,0.4679613882368644,True
device,IonQ Forte,nested_compute_uncompute,True,0.0002,0.0046,23.0,4,0,4,4,0,25,13,0.11526404465911011,0.06118635752898094,0.4691635391596944,True
device,IonQ Forte,live_and_chain,False,0.0002,0.0046,23.0,2,2,0,0,0,12,12,0.057225080805127004,0.057225080805127004,0.0,True
device,IonQ Forte,single_live_toffoli,False,0.0002,0.0046,23.0,1,1,0,0,0,6,6,0.029034027787341654,0.029034027787341654,0.0,True
device,IonQ Forte,half_uncomputed,False,0.0002,0.0046,23.0,3,0,3,2,1,19,10,0.08880848488981152,0.0473487249188419,0.46684458160062653,True
device,IonQ Aria,ripple_carry_adder_2b,True,0.0005,0.004,8.0,4,0,4,4,0,33,21,0.13952370153408888,0.08805030554250493,0.36892223633421745,True
device,IonQ Aria,controlled_adder_2b,False,0.0005,0.004,8.0,8,2,6,6,0,48,30,0.20418937527782266,0.1317242180785767,0.35489190904594786,True
device,IonQ Aria,grover_oracle_mcx3,True,0.0005,0.004,8.0,4,0,4,4,0,25,13,0.11148614378030353,0.05833555073463359,0.4767461788830851,True
device,IonQ Aria,grover_oracle_mcx4,True,0.0005,0.004,8.0,6,0,6,6,0,37,19,0.16079775266951424,0.08438142837628893,0.47523253916541297,True
device,IonQ Aria,nested_compute_uncompute,True,0.0005,0.004,8.0,4,0,4,4,0,25,13,0.11148614378030353,0.05833555073463359,0.4767461788830851,True
device,IonQ Aria,live_and_chain,False,0.0005,0.004,8.0,2,2,0,0,0,12,12,0.05549897567046813,0.05549897567046813,0.0,True
device,IonQ Aria,single_live_toffoli,False,0.0005,0.004,8.0,1,1,0,0,0,6,6,0.028145574517699945,0.028145574517699945,0.0,True
device,IonQ Aria,half_uncomputed,False,0.0005,0.004,8.0,3,0,3,2,1,19,10,0.08575416963424809,0.04503607537393561,0.4748234917786514,True
